<?xml version="1.0" encoding="UTF-8"?>
<!DOCTYPE suite SYSTEM "http://testng.org/testng-1.0.dtd">
<suite name="Suite" parallel="tests" thread-count="3" verbose="5">
	<listeners>
		<listener class-name="salido.pos.ExtentReport.ExtentReportNG" />
		<listener
			class-name="salido.pos.testnglisteners.TestListener" />
	</listeners>

	<!-- <test name="Test Download App" parallel="none" preserve-order="true"> 
		<classes> <class name="salido.pos.testcases.SalidoBrowserTests" ></class> 
		</classes> </test> -->
	<!-- <test name="Test Login">
		<parameter name="wda" value="8100" />
		<parameter name="udid"
			value="5181DAF4-BE93-424F-A61C-1D8B0C07F466" />
		<parameter name="deviceName" value="iPad (5th generation)" />
		<parameter name="port" value="4728" />
		<classes>
			<class name="salido.pos.testcases.SalidoLoginTest" />
		</classes>
	</test> -->
	<!-- <test name="Test CheckScreen" parallel="none" preserve-order="true"> 
		<classes> <class name="salido.pos.testcases.SalidoLoginTest" ></class> <class 
		name="salido.pos.testcases.SalidoTestCheck"/> </classes> </test> -->
	<!-- <test name="Test FloorPlan"> <classes> <class name="salido.pos.testcases.SalidoLoginTest"/> 
		<class name="salido.pos.testcases.SalidoTestFloorPlan"/> </classes> </test> -->
	<!-- <test name="Test Salido Bridge"> <classes> <class name="salido.pos.testcases.SalidoLoginTest"/> 
		<class name="salido.pos.testcases.SalidotestSalidoBridge"/> </classes> </test> -->
	<!-- <test name="Test GiftCard"> <classes> <class name="salido.pos.testcases.SalidoLoginTest"/> 
		<class name="salido.pos.testcases.SalidoTestGiftcard"/> </classes> </test> -->
	<!--<test name="Test StatusReports"> <classes> <class name="salido.pos.testcases.SalidoLoginTest"/> 
		<class name="salido.pos.testcases.SalidoTestStatusReports"/> </classes> </test> -->
	<test name="Test Manage Bank">
		<parameter name="wda" value="8102" />
		<parameter name="udid"
			value="D9E3FE13-4366-4E89-9799-1A19002D6D15" />
		<parameter name="deviceName" value="iPad Air" />
		<parameter name="port" value="4723" />

		<classes>
			<class name="salido.pos.testcases.SalidoLoginTest" />
			<class name="salido.pos.testcases.SalidoTestMangeBank" />
		</classes>
	</test>
	<!--<test name="Test Settings"> <classes> <class name="salido.pos.testcases.SalidoLoginTest"/> 
		<class name="salido.pos.testcases.SalidoTestSettings"/> </classes> </test> 
		<test name="Test Guests"> <classes> <class name="salido.pos.testcases.SalidoLoginTest"/> 
		<class name="salido.pos.testcases.SalidoTestGuest"/> </classes> </test> -->
	<!-- <test name="Test POS_Menu"> <classes> <class name="salido.pos.testcases.SalidoLoginTest"/> 
		<class name="salido.pos.testcases.SalidoTestPosMenu"/> </classes> </test> -->
	<!--<test name="Test Manage_Menu"> <classes> <class name="salido.pos.testcases.SalidoLoginTest"/> 
		<class name="salido.pos.testcases.SalidoTestManageMenu"/> </classes> </test> -->
	<!-- <test name="Test PAYMENT"> <classes> <class name="salido.pos.testcases.SalidoLoginTest"/> 
		<class name="salido.pos.testcases.SalidoTestCashPayment"/> <class name="salido.pos.testcases.SalidoTestGiftCardPayments"/> 
		<class name="salido.pos.testcases.SalidoTestManualCCPayments"/> <class name="salido.pos.testcases.SalidoTestCustomPayment"/> 
		<class name="salido.pos.testcases.SalidoTestPre_AuthPayments"/> </classes> 
		</test> -->
</suite> 
   